{
  "_fv": 24,
  "_type": "tool",
  "definition": {
    "renderType": 0,
    "texture": "steelwaraxe",
    "customModelName": "Normal",
    "name": "Ascia da guerra d'acciaio",
    "specialInfo": [],
    "creativeTab": {
      "value": "COMBAT"
    },
    "toolType": "Axe",
    "harvestLevel": 2,
    "efficiency": 6.0,
    "attackSpeed": 1.1,
    "enchantability": 2,
    "damageVsEntity": 9.0,
    "usageCount": 1000,
    "blocksAffected": [],
    "hasGlow": false,
    "repairItems": [
      {
        "value": "CUSTOM:AcciaioLingotto"
      }
    ],
    "immuneToFire": false,
    "stayInGridWhenCrafting": false,
    "damageOnCrafting": false
  }
}