{
  "_fv": 24,
  "_type": "tool",
  "definition": {
    "renderType": 0,
    "texture": "steelpickaxe",
    "customModelName": "Normal",
    "name": "Piccone d'acciaio",
    "specialInfo": [],
    "creativeTab": {
      "value": "TOOLS"
    },
    "toolType": "Pickaxe",
    "harvestLevel": 2,
    "efficiency": 6.0,
    "attackSpeed": 1.2000000000000002,
    "enchantability": 2,
    "damageVsEntity": 4.0,
    "usageCount": 1000,
    "blocksAffected": [],
    "hasGlow": false,
    "repairItems": [
      {
        "value": "CUSTOM:AcciaioLingotto"
      }
    ],
    "immuneToFire": false,
    "stayInGridWhenCrafting": false,
    "damageOnCrafting": false
  }
}