{
  "_fv": 24,
  "_type": "tool",
  "definition": {
    "renderType": 0,
    "texture": "amethystwaraxe",
    "customModelName": "Normal",
    "name": "Ascia da guerra di ametista",
    "specialInfo": [],
    "creativeTab": {
      "value": "COMBAT"
    },
    "toolType": "Axe",
    "harvestLevel": 3,
    "efficiency": 8.0,
    "attackSpeed": 1.0999999999999999,
    "enchantability": 10,
    "damageVsEntity": 11.0,
    "usageCount": 2656,
    "blocksAffected": [],
    "hasGlow": false,
    "repairItems": [
      {
        "value": "CUSTOM:Ametista"
      }
    ],
    "immuneToFire": false,
    "stayInGridWhenCrafting": false,
    "damageOnCrafting": false
  }
}