{
  "_fv": 24,
  "_type": "recipe",
  "definition": {
    "recipeType": "Crafting",
    "xpReward": 0.0,
    "cookingTime": 200,
    "recipeRetstackSize": 1,
    "group": "",
    "recipeShapeless": false,
    "recipeSlots": [
      {
        "value": "CUSTOM:ArgentoLingotto"
      },
      {
        "value": "CUSTOM:ArgentoLingotto"
      },
      {
        "value": "CUSTOM:ArgentoLingotto"
      },
      {
        "value": "CUSTOM:ArgentoLingotto"
      },
      {
        "value": "CUSTOM:ArgentoLingotto"
      },
      {
        "value": "CUSTOM:ArgentoLingotto"
      },
      {
        "value": "CUSTOM:ArgentoLingotto"
      },
      {
        "value": "CUSTOM:ArgentoLingotto"
      },
      {
        "value": "CUSTOM:ArgentoLingotto"
      }
    ],
    "recipeReturnStack": {
      "value": "CUSTOM:ArgentoBlocco"
    },
    "name": "argento_blocco_craft",
    "namespace": "mod"
  }
}