{
  "_fv": 24,
  "_type": "armor",
  "definition": {
    "enableHelmet": true,
    "textureHelmet": "rubyhelmet",
    "enableBody": true,
    "textureBody": "rubychestplate",
    "enableLeggings": true,
    "textureLeggings": "rubyleggings",
    "enableBoots": true,
    "textureBoots": "rubyboots",
    "creativeTab": {
      "value": "COMBAT"
    },
    "armorTextureFile": "ruby_",
    "helmetName": "Elmo di rubino",
    "bodyName": "Corazza di rubino",
    "leggingsName": "Gambali di rubino",
    "bootsName": "Stivali di rubino",
    "helmetSpecialInfo": [],
    "bodySpecialInfo": [],
    "leggingsSpecialInfo": [],
    "bootsSpecialInfo": [],
    "helmetModelName": "Default",
    "helmetModelPart": "Helmet",
    "helmetModelTexture": "From armor",
    "bodyModelName": "Default",
    "bodyModelPart": "Body",
    "armsModelPartL": "Arms L",
    "armsModelPartR": "Arms R",
    "bodyModelTexture": "From armor",
    "leggingsModelName": "Default",
    "leggingsModelPartL": "Leggings L",
    "leggingsModelPartR": "Leggings R",
    "leggingsModelTexture": "From armor",
    "bootsModelName": "Default",
    "bootsModelPartL": "Boots L",
    "bootsModelPartR": "Boots R",
    "bootsModelTexture": "From armor",
    "helmetImmuneToFire": false,
    "bodyImmuneToFire": false,
    "leggingsImmuneToFire": false,
    "bootsImmuneToFire": false,
    "maxDamage": 33,
    "damageValueHelmet": 3,
    "damageValueBody": 8,
    "damageValueLeggings": 6,
    "damageValueBoots": 3,
    "enchantability": 10,
    "toughness": 3.0,
    "knockbackResistance": 0.0,
    "equipSound": {
      "value": "item.armor.equip_generic"
    },
    "repairItems": [
      {
        "value": "CUSTOM:Rubino"
      }
    ]
  }
}