{
  "_fv": 24,
  "_type": "armor",
  "definition": {
    "enableHelmet": true,
    "textureHelmet": "electrumhelmet",
    "enableBody": true,
    "textureBody": "electrumchestplate",
    "enableLeggings": true,
    "textureLeggings": "electrumleggings",
    "enableBoots": true,
    "textureBoots": "electrumboots",
    "creativeTab": {
      "value": "COMBAT"
    },
    "armorTextureFile": "electrum_",
    "helmetName": "Elmo di electrum",
    "bodyName": "Corazza di electrum",
    "leggingsName": "Gambali di electrum",
    "bootsName": "Stivali di electrum",
    "helmetSpecialInfo": [],
    "bodySpecialInfo": [],
    "leggingsSpecialInfo": [],
    "bootsSpecialInfo": [],
    "helmetModelName": "Default",
    "helmetModelPart": "Helmet",
    "helmetModelTexture": "From armor",
    "bodyModelName": "Default",
    "bodyModelPart": "Body",
    "armsModelPartL": "Arms L",
    "armsModelPartR": "Arms R",
    "bodyModelTexture": "From armor",
    "leggingsModelName": "Default",
    "leggingsModelPartL": "Leggings L",
    "leggingsModelPartR": "Leggings R",
    "leggingsModelTexture": "From armor",
    "bootsModelName": "Default",
    "bootsModelPartL": "Boots L",
    "bootsModelPartR": "Boots R",
    "bootsModelTexture": "From armor",
    "helmetImmuneToFire": false,
    "bodyImmuneToFire": false,
    "leggingsImmuneToFire": false,
    "bootsImmuneToFire": false,
    "maxDamage": 25,
    "damageValueHelmet": 3,
    "damageValueBody": 6,
    "damageValueLeggings": 5,
    "damageValueBoots": 2,
    "enchantability": 25,
    "toughness": 0.0,
    "knockbackResistance": 0.0,
    "equipSound": {
      "value": "item.armor.equip_generic"
    },
    "repairItems": [
      {
        "value": "CUSTOM:ElectrumLingotto"
      }
    ]
  }
}