{
  "_fv": 24,
  "_type": "food",
  "definition": {
    "renderType": 0,
    "texture": "beertankard",
    "customModelName": "Normal",
    "name": "Boccale di birra",
    "rarity": "COMMON",
    "specialInfo": [],
    "creativeTab": {
      "value": "MISC"
    },
    "stackSize": 1,
    "nutritionalValue": 3,
    "saturation": 0.3,
    "eatingSpeed": 32,
    "resultItem": {
      "value": "CUSTOM:Boccale"
    },
    "forDogs": false,
    "isAlwaysEdible": false,
    "animation": "drink",
    "hasGlow": false,
    "onEaten": {
      "name": "BirraEffetto"
    }
  }
}