{
  "_fv": 24,
  "_type": "recipe",
  "definition": {
    "recipeType": "Crafting",
    "xpReward": 0.0,
    "cookingTime": 200,
    "recipeRetstackSize": 1,
    "group": "",
    "recipeShapeless": false,
    "recipeSlots": [
      {
        "value": ""
      },
      {
        "value": ""
      },
      {
        "value": ""
      },
      {
        "value": "Items.APPLE"
      },
      {
        "value": "Items.WATER_BUCKET"
      },
      {
        "value": "Items.APPLE"
      },
      {
        "value": ""
      },
      {
        "value": "CUSTOM:Boccale"
      },
      {
        "value": ""
      }
    ],
    "recipeReturnStack": {
      "value": "CUSTOM:BoccaleSidro"
    },
    "name": "boccale_sidro_craft",
    "namespace": "mod"
  }
}