{
  "_fv": 24,
  "_type": "tool",
  "definition": {
    "renderType": 0,
    "texture": "bronzewaraxe",
    "customModelName": "Normal",
    "name": "Ascia da guerra di bronzo",
    "specialInfo": [],
    "creativeTab": {
      "value": "COMBAT"
    },
    "toolType": "Axe",
    "harvestLevel": 2,
    "efficiency": 5.5,
    "attackSpeed": 1.1,
    "enchantability": 14,
    "damageVsEntity": 9.0,
    "usageCount": 500,
    "blocksAffected": [],
    "hasGlow": false,
    "repairItems": [
      {
        "value": "CUSTOM:BronzoLingotto"
      }
    ],
    "immuneToFire": false,
    "stayInGridWhenCrafting": false,
    "damageOnCrafting": false
  }
}