{
  "_fv": 24,
  "_type": "recipe",
  "definition": {
    "recipeType": "Crafting",
    "xpReward": 0.0,
    "cookingTime": 200,
    "recipeRetstackSize": 1,
    "group": "",
    "recipeShapeless": false,
    "recipeSlots": [
      {
        "value": ""
      },
      {
        "value": ""
      },
      {
        "value": ""
      },
      {
        "value": "CUSTOM:RameLingotto"
      },
      {
        "value": "CUSTOM:RameLingotto"
      },
      {
        "value": ""
      },
      {
        "value": "CUSTOM:AlluminioLingotto"
      },
      {
        "value": "CUSTOM:RameLingotto"
      },
      {
        "value": ""
      }
    ],
    "recipeReturnStack": {
      "value": "CUSTOM:BronzoLingotto"
    },
    "name": "bronzo_lingotto_craft",
    "namespace": "mod"
  }
}