{
  "_fv": 24,
  "_type": "tool",
  "definition": {
    "renderType": 0,
    "texture": "electrumpickaxe",
    "customModelName": "Normal",
    "name": "Piccone di electrum",
    "specialInfo": [],
    "creativeTab": {
      "value": "TOOLS"
    },
    "toolType": "Pickaxe",
    "harvestLevel": 3,
    "efficiency": 7.0,
    "attackSpeed": 1.2000000000000002,
    "enchantability": 2,
    "damageVsEntity": 4.0,
    "usageCount": 700,
    "blocksAffected": [],
    "hasGlow": false,
    "repairItems": [
      {
        "value": "CUSTOM:ElectrumLingotto"
      }
    ],
    "immuneToFire": false,
    "stayInGridWhenCrafting": false,
    "damageOnCrafting": false
  }
}