{
  "_fv": 24,
  "_type": "tool",
  "definition": {
    "renderType": 0,
    "texture": "electrumwaraxe",
    "customModelName": "Normal",
    "name": "Ascia da guerra di electrum",
    "specialInfo": [],
    "creativeTab": {
      "value": "COMBAT"
    },
    "toolType": "Axe",
    "harvestLevel": 3,
    "efficiency": 7.0,
    "attackSpeed": 1.1,
    "enchantability": 22,
    "damageVsEntity": 9.0,
    "usageCount": 700,
    "blocksAffected": [],
    "hasGlow": false,
    "repairItems": [
      {
        "value": "CUSTOM:ElectrumLingotto"
      }
    ],
    "immuneToFire": false,
    "stayInGridWhenCrafting": false,
    "damageOnCrafting": false
  }
}