{
  "_fv": 24,
  "_type": "tool",
  "definition": {
    "renderType": 0,
    "texture": "electrumaxe",
    "customModelName": "Normal",
    "name": "Ascia di electrum",
    "specialInfo": [],
    "creativeTab": {
      "value": "TOOLS"
    },
    "toolType": "Axe",
    "harvestLevel": 3,
    "efficiency": 7.0,
    "attackSpeed": 0.9,
    "enchantability": 22,
    "damageVsEntity": 7.0,
    "usageCount": 700,
    "blocksAffected": [],
    "hasGlow": false,
    "repairItems": [
      {
        "value": "CUSTOM:ElectrumPiccone"
      }
    ],
    "immuneToFire": false,
    "stayInGridWhenCrafting": false,
    "damageOnCrafting": false
  }
}