{
  "_fv": 24,
  "_type": "tool",
  "definition": {
    "renderType": 0,
    "texture": "nacresword",
    "customModelName": "Normal",
    "name": "Spada di madreperla",
    "specialInfo": [],
    "creativeTab": {
      "value": "COMBAT"
    },
    "toolType": "Sword",
    "harvestLevel": 3,
    "efficiency": 8.0,
    "attackSpeed": 1.6,
    "enchantability": 10,
    "damageVsEntity": 8.0,
    "usageCount": 2656,
    "blocksAffected": [],
    "hasGlow": false,
    "repairItems": [
      {
        "value": "CUSTOM:Madreperla"
      }
    ],
    "immuneToFire": false,
    "stayInGridWhenCrafting": false,
    "damageOnCrafting": false
  }
}