{
  "_fv": 24,
  "_type": "tool",
  "definition": {
    "renderType": 0,
    "texture": "onyxaxe",
    "customModelName": "Normal",
    "name": "Ascia di onice",
    "specialInfo": [],
    "creativeTab": {
      "value": "TOOLS"
    },
    "toolType": "Axe",
    "harvestLevel": 3,
    "efficiency": 8.0,
    "attackSpeed": 0.9,
    "enchantability": 10,
    "damageVsEntity": 9.0,
    "usageCount": 2656,
    "blocksAffected": [],
    "hasGlow": false,
    "repairItems": [
      {
        "value": "CUSTOM:Onice"
      }
    ],
    "immuneToFire": true,
    "stayInGridWhenCrafting": false,
    "damageOnCrafting": false
  }
}