{
  "_fv": 24,
  "_type": "food",
  "definition": {
    "renderType": 0,
    "texture": "chilipepper",
    "customModelName": "Normal",
    "name": "Peperoncino",
    "rarity": "COMMON",
    "specialInfo": [],
    "creativeTab": {
      "value": "FOOD"
    },
    "stackSize": 64,
    "nutritionalValue": 2,
    "saturation": 0.3,
    "eatingSpeed": 32,
    "resultItem": {
      "value": ""
    },
    "forDogs": false,
    "isAlwaysEdible": false,
    "animation": "eat",
    "hasGlow": false,
    "onRightClickedOnBlock": {
      "name": "PeperoncinoRightClick"
    },
    "onEaten": {
      "name": "PeperoncinoEffetto"
    },
    "onCrafted": {
      "name": "PeperoncinoItemItemIsCrafted"
    }
  }
}