{
  "_fv": 24,
  "_type": "achievement",
  "definition": {
    "achievementName": "Vampiccante",
    "achievementDescription": "Infondi della polvere di Vampo in una carota per ottenere un peperoncino",
    "achievementIcon": {
      "value": "Items.BLAZE_POWDER"
    },
    "background": "Default",
    "disableDisplay": false,
    "showPopup": true,
    "announceToChat": true,
    "hideIfNotCompleted": true,
    "rewardLoot": [],
    "rewardRecipes": [],
    "rewardFunction": "No function",
    "rewardXP": 1,
    "achievementType": "task",
    "parent": {
      "value": "No parent: root"
    },
    "triggerxml": "<xml xmlns=\"https://developers.google.com/blockly/xml\"><block type=\"custom_trigger\" x=\"13\" y=\"37\"><next><block type=\"advancement_trigger\" deletable=\"false\"></block></next></block></xml>"
  }
}