{
  "_fv": 24,
  "_type": "achievement",
  "definition": {
    "achievementName": "Ahia, brucia!",
    "achievementDescription": "Hai davvero provato a mangiare un peperoncino?",
    "achievementIcon": {
      "value": "CUSTOM:PeperoncinoItem"
    },
    "background": "Default",
    "disableDisplay": false,
    "showPopup": true,
    "announceToChat": true,
    "hideIfNotCompleted": true,
    "rewardLoot": [],
    "rewardRecipes": [],
    "rewardFunction": "No function",
    "rewardXP": 10,
    "achievementType": "task",
    "parent": {
      "value": "CUSTOM:PeperoncinoCraftAchievement"
    },
    "triggerxml": "<xml xmlns=\"https://developers.google.com/blockly/xml\"><block type=\"custom_trigger\" x=\"16\" y=\"8\"><next><block type=\"advancement_trigger\" deletable=\"false\"></block></next></block></xml>"
  }
}