{
  "_fv": 24,
  "_type": "achievement",
  "definition": {
    "achievementName": "Una scoperta piccante",
    "achievementDescription": "Distilla una Pozione Piccante usando un peperoncino",
    "achievementIcon": {
      "value": "CUSTOM:PozionePepata"
    },
    "background": "Default",
    "disableDisplay": false,
    "showPopup": true,
    "announceToChat": true,
    "hideIfNotCompleted": true,
    "rewardLoot": [],
    "rewardRecipes": [],
    "rewardFunction": "No function",
    "rewardXP": 10,
    "achievementType": "challenge",
    "parent": {
      "value": "CUSTOM:PeperoncinoMangiaAchievement"
    },
    "triggerxml": "<xml xmlns=\"https://developers.google.com/blockly/xml\"><block type=\"item_in_inventory\" x=\"7\" y=\"21\"><value name=\"amount_l\"><block type=\"math_number\"><field name=\"NUM\">1</field></block></value><value name=\"amount_h\"><block type=\"math_number\"><field name=\"NUM\">1</field></block></value><value name=\"item\"><block type=\"mcitem_all\"><field name=\"value\">CUSTOM:PozionePepata</field></block></value><next><block type=\"advancement_trigger\" deletable=\"false\"></block></next></block></xml>"
  }
}