{
  "_fv": 24,
  "_type": "food",
  "definition": {
    "renderType": 0,
    "texture": "hemppipe",
    "customModelName": "Normal",
    "name": "Pipa con canapa",
    "rarity": "COMMON",
    "specialInfo": [],
    "creativeTab": {
      "value": "MISC"
    },
    "stackSize": 1,
    "nutritionalValue": 0,
    "saturation": 0.0,
    "eatingSpeed": 32,
    "resultItem": {
      "value": "CUSTOM:Pipa"
    },
    "forDogs": false,
    "isAlwaysEdible": true,
    "animation": "drink",
    "hasGlow": false,
    "onEaten": {
      "name": "PipaCanapaProcedure"
    }
  }
}