{
  "_fv": 24,
  "_type": "food",
  "definition": {
    "renderType": 0,
    "texture": "pozionepepata",
    "customModelName": "Normal",
    "name": "Pozione piccante",
    "rarity": "COMMON",
    "specialInfo": [
      "Una scoperta bollente"
    ],
    "creativeTab": {
      "value": "BREWING"
    },
    "stackSize": 1,
    "nutritionalValue": 0,
    "saturation": 0.0,
    "eatingSpeed": 32,
    "resultItem": {
      "value": "Items.GLASS_BOTTLE"
    },
    "forDogs": false,
    "isAlwaysEdible": true,
    "animation": "drink",
    "hasGlow": true,
    "onEaten": {
      "name": "PozionePepataEffetto"
    }
  }
}